Protein_Index,Pearson,Spearman,RMSE,Protein,Mean Raw Expression,Detection Rate,CLR Variance,Pearson Tier
177,-0.1370453281518538,-0.1397835307987743,0.1193138652623295,CD5.CATTAACGGGATGCC,0.14784151389710232,0.12123004139562389,0.015768110909504036,Low
86,-0.1025458821162667,-0.0687625727647982,0.3407284247420313,CD71.CCGTGTTCCTCATTA,4.154346540508575,0.6800709639266707,0.42224380869071276,Low
190,-0.1025291913467433,-0.0956800170708981,0.4347327670348541,EGFR.GCTTAACATTGGCAC,4.219396806623299,0.7859254878769959,0.3158315801890506,Low
145,-0.0947212736771515,-0.0797867430976293,0.2185799673955056,IgG1.k.isotype.Ctrl.GCCGGACGACATTAA,0.4565345949142519,0.3116499112950917,0.0414283850442215,Low
218,-0.0876496489455505,-0.0794106195820017,0.0566550652519118,CD172a..SIRPa..CGTGTTTAACTTGAG,0.0449438202247191,0.04139562389118864,0.003467038249899084,Low
153,-0.087192060442465,-0.0903636872249559,0.2797611140781786,CD146.CCTTGGATAACATCA,1.807806031933767,0.5440567711413364,0.22395123471998188,Low
158,-0.0837084358211305,-0.0889878330641045,0.2068554196216634,CD4.TGTTCCCGCTCAACT,0.47959787108219987,0.32406859846244823,0.044171680421307626,Low
67,-0.0817874066344086,-0.0657304941685893,0.1180338880254318,TCR.VDelta2.TCAGTCAGATGGTAT,0.13778829095209935,0.12300413956238912,0.013113619531967985,Low
275,-0.080078248820367,-0.066673626367356,0.1527695758431009,LAP..TGF.b1..ATCCTTCCGATTGTG,0.23772915434654052,0.1785925487876996,0.020876304941559606,Low
207,-0.0749324423596688,-0.0655235920894381,0.1435592600068121,CD43.GATTAACCAGCTCAT,0.19455943228858663,0.16203429923122412,0.01945855076548097,Low
111,-0.0621814792552754,-0.0195168901442061,0.2271011075093932,CD45RA.TCAATCCTTCCGCTT,0.5381431105854524,0.3465405085748078,0.04743695546901055,Low
203,-0.0579088699013572,-0.0228792752490883,0.310103569440045,CD192..CCR2..GAGTTCCCTTACCTG,1.0342992312241277,0.5227675931401538,0.08370485914721948,Low
253,-0.0570602157315668,-0.0636198533189225,0.1952672426597643,CD45RB.AGATGGGACTCACCA,0.39207569485511534,0.2838557066824364,0.03726933658767473,Low
29,-0.0542990119216814,-0.0473768932868343,0.0315397413485491,CD20.TTCTGGGTCCCTAGA,0.01655824955647546,0.01655824955647546,0.0014581695831281515,Low
73,-0.0473534018259214,-0.0612234036032035,0.1161848443247982,CD103..Integrin.aE..GACCTCATTGTGAAT,0.1537551744529864,0.12596096984033117,0.014642443328553939,Low
22,-0.0454466447576052,-0.0580921967316009,0.4708940047433891,TSLPR..TSLP.R..CAGTCCTCTCTGTCA,4.694855115316381,0.8976936723832052,0.20635607427324132,Low
2,-0.035958958162514,-0.0027499000219563,0.3332949315325349,CD270..HVEM_.TR2..TGATAGAAACAGACC,1.4707273802483738,0.6167947959787108,0.11288263008082924,Low
128,-0.0328653779253487,-0.0187224351395151,0.2232140725612147,CD1c.GAGCTACTTCACTCG,0.47072738024837374,0.3217031342400946,0.042335623333004814,Low
104,-0.028449626064727,-0.0163654388675497,0.3013359891133529,CD163.GCTTCTCCTTCCTTA,1.0348905972797162,0.511531638083974,0.08867580770850565,Low
168,-0.0277769520236275,-0.0091434246182381,0.2202990692135467,CD18.TATTGGGACACTTCT,0.48432879952690716,0.3258426966292135,0.04672496224096529,Low
236,-0.0274315151529738,-0.0349172385426463,0.1869190973154417,CD354..TREM.1..TAGCCGTTTCCTTTG,0.3589591957421644,0.257244234180958,0.03417739609370822,Low
209,-0.0262631303093852,-0.0238206032181158,0.2560069863800539,CD13.TTTCAACGCCCTTTC,0.7179183914843288,0.4157303370786517,0.06832956487876303,Low
114,-0.0254044319738051,-0.0231228408971133,0.2034481263320636,CD52.CTTTGTACGAGCAAA,0.4500295683027794,0.31105854523950327,0.04198859861558476,Low
50,-0.0240424815550617,-0.0382243805431923,0.075272938899262,GARP..LRRC32..AGGTATGGTAGAGTA,0.06268480189237138,0.05736250739207569,0.006542840569831097,Low
98,-0.0237595655364866,-0.0111170941164245,0.1616051289697755,CD69.GTCTCTTGGCTTAAA,0.2300413956238912,0.18923713778829096,0.02425830307359928,Low
18,-0.0223541448431741,-0.0071221232003114,0.4087102117115888,CD140b..PDGFRb..CAATGGTTCACTGCC,1.9432288586635127,0.6907155529272619,0.13301712644633262,Low
189,-0.0193999484110237,-0.0157176004670665,0.4214702045714474,Cadherin.11.CGTTGCCATTAACCA,2.201064458900059,0.735659373151981,0.14460603124348487,Low
116,-0.0190980526563297,-0.0042321087978228,0.0630932460220885,CD41.ACGTTGTGGCCTTGT,0.01596688350088705,0.01537551744529864,0.001591643997162584,Low
194,-0.018224114237139,-0.0160432419716863,0.300938564124616,Notch.1.AATCTGTAGTGCGTT,1.0544056771141337,0.5251330573625074,0.08888129295335659,Low
131,-0.0178586575684884,-0.026690316774223,0.162480325055174,CD194..CCR4..AGCTTACCTGCACGA,0.3524541691306919,0.2554701360141928,0.03277987115484825,Low
80,-0.017176818622024,0.0014076772561312,0.1473047645380839,CD244..2B4..TCGCTTGGATGGTAG,0.25014784151389713,0.19337670017740982,0.0253246876707184,Low
43,-0.0164318359073343,-0.01437156918619,0.3040024665938142,CD137L..4.1BB.Ligand..ATTCGCCTTACGCAA,1.1389710230632761,0.537551744529864,0.0912930464094173,Low
192,-0.0158136110172199,-0.0164429886792044,0.1066481667549349,CD11b.GACAAGTGATCTGCA,0.11886457717327026,0.10408042578356003,0.011703216434913037,Low
196,-0.0154903833314546,-0.0105383172683116,0.2155569953084571,CD119..IFN.v.R.a.chain..TGTGTATTCCCTTGT,0.47368421052631576,0.31105854523950327,0.041985738695326555,Low
71,-0.013501713045445,-0.0379068289731774,0.1284678084819788,CD25.TTTGTCCTGTACGCC,0.14251921939680662,0.12063867534003549,0.013468779674610302,Low
279,-0.0124624864901343,-0.0347776153018625,0.233649670934202,CD215..IL.15Ra..CATATTCCGCCGTAA,0.5884092253104671,0.3672383205204021,0.05603837583988914,Low
157,-0.0118834112335573,0.0160604490162972,0.0517268433968783,CD57.Recombinant.AACTCCCTATGGAGG,0.02188054405677114,0.021289178001182733,0.002735411199847367,Low
121,-0.0110234230430228,-0.0159975229697385,0.2055112512171288,IgD.CAGTCTCCGTAGAGT,0.4151389710230633,0.2755765819041987,0.04041893924231456,Low
206,-0.0107792462692446,0.0022819955399825,0.5140992152280338,CD135..Flt.3_Flk.2..CAGTAGATGGAGCAT,4.743938497930219,0.8758131283264341,0.22096126170140915,Low
233,-0.01016513996001,-0.0114946602824086,0.3300611009165617,CD49a.ACTGATGGACTCAGA,1.3855706682436428,0.612655233589592,0.12538453991013354,Low
32,-0.0090988020460905,-0.0137623995964768,0.133017645016248,TCR.Va7.2.TACGAGCAGTATTCA,0.1862803075103489,0.15079834417504434,0.017117526862237824,Low
235,-0.0084432059503149,0.0121962697203718,0.608372611996107,mast.cell.tryptase.ACTGATAGACCCGCT,7.2430514488468365,0.9497338852749853,0.3001231006268217,Low
204,-0.0078820193749009,-0.0282556033477291,0.0955447425182569,CD102..ICAM.2..TGACCTTCCTCTCCT,0.047900650502661145,0.046126552335895916,0.005339203699109471,Low
147,-0.0061103267065116,-0.0469587438599429,0.4938998066019439,Podoplanin.GGTTACTCGTTGTGT,3.5399172087522177,0.7841513897102307,0.307245766959488,Low
221,-0.0058949758202017,0.0146543181735515,0.1670215286219597,CD72.CAGTCGTGGTAGATA,0.3264340626848019,0.24246008279124778,0.032906852987517665,Low
268,-0.0039228451769504,0.004041454535487,0.3534685501650463,TSPAN33..BAAM..GAGTTCGTTGTTCCA,1.605558840922531,0.6404494382022472,0.11896382890415767,Low
146,-0.0038456035872628,0.0033617925899225,0.1982991946690021,IgG2b.k.isotype.Ctrl.ATATGTATCACGCGA,0.4240094618568894,0.3010053222945003,0.04116806415076868,Low
25,-0.001798475600063,-0.0052289367892073,0.4370332840070104,CD154.GCTAGATAGATGCAA,3.049083382613838,0.7953873447664104,0.1788912067145787,Low
79,0.0016081495865978,0.0094639105322282,0.3369333292876733,CD30.TCAGGGTGTGCTGTA,1.33826138379657,0.5582495564754583,0.10173107036689988,Low
0,0.0017345397083683,0.0013240139224981,0.1513913614681104,CD64.AAGTATGCCCTACGA,0.22826729745712596,0.19041986989946777,0.022647489318281113,Low
36,0.0025380810813411,0.009656484495986,0.2048701351523543,CD137..4.1BB..CAGTAAGTTCGGGAC,0.33175635718509755,0.24009461856889414,0.033452702896992724,Low
263,0.003913814908787,0.005639414935992,0.229649660577831,CD84.CTCCCTAGTTCCTTT,0.5972797161442933,0.3701951507983442,0.05208837601837788,Low
211,0.0040558904847976,0.0287743535500247,0.2443619248060413,CD177.AGTATGGAGCCATAT,0.5529272619751626,0.34535777646363097,0.052721690551036676,Low
101,0.0041194330602939,0.0073551008267193,0.2129350896178267,CD196..CCR6..GATCCCTTTGTCACT,0.6351271437019516,0.37433471318746303,0.06166691131106425,Low
105,0.0052066825720047,-0.0080835245524876,0.3987900796711097,CD85j..ILT2..CCTTGTGAGGCTATG,2.1537551744529866,0.7338852749852158,0.13858878325984555,Low
85,0.0057165535133298,-0.0349717850290294,0.0653990387732405,CD7.TGGATTCCCGGACTT,0.018923713778829097,0.017740981667652277,0.0019597618593562775,Low
69,0.0068915433955598,-0.0109921077439191,0.2164607962221581,CD101..BB27..CTACTTCCCTGTCAA,0.5594322885866351,0.3542282672974571,0.04927356790457895,Low
48,0.0077430167001574,0.016199353306252,0.2491220749713976,CD123.CTTCACTCTGTCAGG,0.6369012418687168,0.37670017740981665,0.060239955556555216,Low
37,0.008766899674623,-0.0053336432819439,0.1836548783752516,CD56.TCCTTTCCTGATAGG,0.3542282672974571,0.25073920756948553,0.03400813339476108,Low
134,0.0097155767769819,0.0177129117268975,0.1681190122491842,CD14.TCTCAGACCTCCGTA,0.3015966883500887,0.22826729745712596,0.029055846498061203,Low
187,0.0098477650582001,-0.0092102586175686,0.2684623133797371,human_mouse.CD45R_B220.CCTACACCTCATAAT,0.8852749852158486,0.47191011235955055,0.07460902692126686,Low
119,0.0111136054110356,0.0181045782717881,0.4151039793921685,CD161.GTACGCAGTCCTTCT,2.180366646954465,0.6954464813719693,0.15467850254327606,Low
10,0.0124351319406486,0.0090492646129146,0.4039929862201605,CD70.CGCGAACATAAGAAG,2.2264931992903607,0.7397989355411,0.14452682609979842,Low
144,0.0124874224492138,0.0033691241474082,0.2366622824070011,IgG2a.k.isotype.Ctrl.CTCCTACCTAAACTG,0.5890005913660555,0.34890597279716146,0.05455433526457462,Low
185,0.0125518337423216,0.0352605138042418,0.1545898755719987,CD105.ATCGTCGAGAGCTAG,0.24719101123595505,0.19337670017740982,0.023655135776440763,Low
124,0.0136346773673947,-0.0167758284469556,0.1005844035743873,CD86.GTCTTTGTCAGTGCA,0.07332939089296274,0.06800709639266705,0.008396945630644338,Low
210,0.0141710078589943,0.0290040678289808,0.1195377692039698,CD61.AGGTTGGAGTAGACT,0.11235955056179775,0.09461856889414548,0.013674314725626776,Low
171,0.0146937635679463,0.0031433251995371,0.0314168524056665,CD11a.TATATCCTTGTGAGC,0.010644589000591367,0.010644589000591367,0.0008111788115484982,Low
247,0.0149400010949408,0.0244588469848304,0.3112767735749274,CD126..IL.6Ra..TGATGGGAGCTTATC,0.994086339444116,0.5109402720283855,0.08641535163803218,Low
246,0.0170744610559569,0.0344739423884962,0.2954025408772701,CD109.CACTTAACTCTGGGT,1.332347723240686,0.5819041986989947,0.11529338962099195,Low
179,0.0175808673878198,0.0032733417585874,0.1359276592571964,HLA.A_B_C.TATGCGAGGCTTATC,0.1336487285629805,0.12004730928444707,0.015229168491842762,Low
205,0.01770974573424,0.02493667505583,0.4513262866849485,CD62E.CTCCCTGTGGCTTAA,3.0035481963335307,0.7847427557658191,0.17784553281270787,Low
120,0.018391913768222,0.0114331022952754,0.3066074539175484,CD158..KIR2DL1_S1_S3_S5..TATCAACCAACGCTT,1.0786516853932584,0.5334121821407452,0.09074230473152507,Low
227,0.0185754555280794,0.0220222340269801,0.058774883556289,CD325..N.Cadherin..CCTTCCCTTTCCTCT,0.027794204612655235,0.026611472501478415,0.002733693941540422,Low
12,0.0192487937199825,0.0114030448192221,0.3058042694666809,CD252..OX40L..TTTAGTGATCCGACT,1.15612063867534,0.5511531638083974,0.09492131591238996,Low
152,0.0192723268943927,-0.0079779216132483,0.2667655260732208,CD49b.GCTTTCTTCAGTATG,1.9142519219396807,0.5150798344175045,0.2483523574996905,Low
193,0.0192878600756659,0.0366051056322067,0.3013196801593508,CD275..B7.H2_.B7.RP1_.ICOSL..GTTAGTGTTAGCTTG,1.2229450029568303,0.5777646363098758,0.09563786167987254,Low
165,0.0194658582464384,0.0370288390236242,0.1002902374146078,CD8.GCGCAACTTGATGAT,0.09225310467179183,0.08279124778237729,0.010057403868406638,Low
17,0.0205242836439932,0.0371601075161499,0.3230091421638566,LOX.1.ACCCTTTACCGAATA,1.397397989355411,0.5836782968657599,0.1073544022425599,Low
47,0.0205997746654177,0.0348742108561643,0.3531464927948987,TCR.Va24.Ja18..iNKT.cell..AACTTCTGTGGTAGC,1.5783560023654641,0.6481371969248965,0.11719032934495889,Low
113,0.0218600616472593,0.0217483004538077,0.2812146364253162,CD1a.GATCGTGTTGTGTTA,1.0916617386162035,0.5044352454169131,0.10355503656946274,Low
39,0.0222276012964138,0.0141982155569613,0.1646108724543766,CLEC12A.CATTAGAGTCTGCCA,0.270254287403903,0.20934358367829686,0.028307911197296382,Low
262,0.0230519010373479,0.0075117669843495,0.1597666521927116,CD162.ATATGTCAGAGCACC,0.21407451212300413,0.16558249556475457,0.023551554570050464,Low
3,0.0232032730620309,0.0157721327537056,0.2397800270499998,CD319..CRACC..AGTATGCCATGTCTT,0.6924896510940272,0.4151389710230633,0.0610144443360464,Low
183,0.0235390990973569,0.0353077779167909,0.3244932388705184,Galectin.9.ACTCACTGGAGTCTC,1.3246599645180366,0.5925487876995861,0.10935573736414515,Low
170,0.023985793105726,0.015657856299763,0.2953616252404584,CD29.GTATTCCCTCAGTCA,1.7593140153755173,0.6173861620342992,0.18860432664373322,Low
109,0.024360050869036,0.0457300811779218,0.2682916432635033,CD54.CTGATAGACTTGAGT,0.8054405677114134,0.4636309875813128,0.07730172805648247,Low
141,0.0245396056712086,0.0355057581918518,0.2385488259041253,CD272..BTLA..GTTATTGGACTAAGG,0.46422235363690123,0.3122412773506801,0.04735591534418574,Low
151,0.0248164774860336,0.0307306194780255,0.0913286130366993,CD27.GCACTCCTGCATGTA,0.06918982850384388,0.0638675340035482,0.0068666355271575765,Low
26,0.0248178450735359,0.0133121142115227,0.164821841559261,CD273...B7.DC_.PD.L2..TCAACGCTTGGCTAG,0.28976936723832053,0.23240685984624482,0.03250775583947281,Low
166,0.0255651796192635,0.0310659862741819,0.1937708183423882,CD155..PVR..ATCACATCGTTGCCA,0.459491425192194,0.31105854523950327,0.04507629755854112,Low
82,0.0261484356918755,0.045265921139918,0.2794446028561843,CD79b..Igb..ATTCTTCAACCGAAG,1.1898285038438794,0.5446481371969248,0.10492114615510016,Low
160,0.0263388243403828,0.0454673483446588,0.4525315930297284,XCR1.AAGACGCATGTCAAC,3.7522176227084567,0.8562980484920165,0.18752120071482506,Low
159,0.026840278823961,0.0504666470849299,0.2182827114584458,k.Isotype.Ctrl.GATTCTTGACGACCT,0.5227675931401538,0.3459491425192194,0.04688988580668175,Low
208,0.0271568276190242,0.0281988474498885,0.3251809228521367,CD59.AATTAGCCGTCGAGA,1.7090479006505026,0.625665286812537,0.16437553285936543,Medium
115,0.028004932607627,0.0123286779180926,0.2612965553537712,CD19.CTGGGCAATTACTCG,0.7545830869308102,0.4121821407451212,0.06881758777656605,Medium
254,0.0288500786408752,0.0362867250589055,0.2089591581077077,CD46.ACAGTACGACCTTCT,0.5990538143110585,0.3719692489651094,0.05454865683912716,Medium
97,0.0289108344922226,0.0356324259667312,0.2622050723101266,human_mouse.integrin.b7.TCCTTGGATGTACCG,0.7492607924305145,0.43169722057953874,0.06618507599763207,Medium
225,0.0297657296727872,0.0671380303744577,0.2265431204567494,CD171..LICAM..GATGGACGACAATTC,0.5955056179775281,0.3684210526315789,0.056094675999293714,Medium
27,0.0298870219799272,0.0366842521932995,0.3577893065772716,CD274..B7.H1_.PD.L1..GTTGTCCGACAATAC,1.5221762270845653,0.6209343583678297,0.11520429394630076,Medium
267,0.0299381678364938,0.0426287042088412,0.3485134219281478,NKp80.TATAGTTCCTCTGTG,1.5292726197516262,0.6132465996451804,0.11754335657978976,Medium
14,0.0303969034296938,0.0373330022701265,0.1827129814255496,CD304..Neuropilin.1..GGACTAAGTTTCGTT,0.3234772324068598,0.23950325251330573,0.03344389433496524,Medium
56,0.0322348781086172,0.0470056571361412,0.2252526713051631,CD49d.CCATTCAACTTCCGG,0.6422235363690124,0.3991720875221762,0.05565364480973727,Medium
264,0.0350672486305442,0.0459281697515254,0.3339676487698874,GPR56.GCCTAGTTTCCGTTT,2.699586043761088,0.63571850975754,0.27816613030478166,Medium
122,0.035640509127458,0.0148621071494675,0.1354429579393444,human_mouse.CD44.TGGCTTCAGGTCCTA,0.1608515671200473,0.1354228267297457,0.01934338630272779,Medium
173,0.035689973521287,0.0402181067231068,0.3053119682250737,CD122..IL.2Rb..TCATTTCCTCCGATT,1.150206978119456,0.5233589591957422,0.09061211726829918,Medium
184,0.0363843099998951,0.0240251732350966,0.0947183940924077,CD45.TCCCTTGCGATTTAC,0.11472501478415138,0.1017149615612064,0.013035652828498919,Medium
95,0.0365434043041111,0.0343577491604411,0.5891153064415838,CD279..PD.1..ACAGCGCCGTATTTA,8.819041986989946,0.9497338852749853,0.2848283144576096,Medium
186,0.0374254365631946,0.0645839704710569,0.3106661005711924,CD201..EPCR..GTTTCCTTGACCAAG,1.1312832643406268,0.5416913069189828,0.08890626422819928,Medium
127,0.0379463557976091,0.0416042650166768,0.4123564348507906,CX3CR1.AGTATCGTCTCTGGG,2.4577173270254287,0.7652276759314015,0.1558245420275798,Medium
200,0.0381402493434145,0.0495541812022322,0.2359014944998135,k.Isotype.Ctrl.AAGTCAGGTTCGTTT,0.5458308693081018,0.33707865168539325,0.04875721380137366,Medium
8,0.0389850290239373,0.0140731736758685,0.3534757915320189,CD117..c.kit..AGACTAATAGCTGAC,1.544648137196925,0.6132465996451804,0.14972990171038075,Medium
92,0.0397510102667217,0.0521617384022465,0.1992215790084343,CD158e1..KIR3DL1_NKB1..GGACGCTTTCCTTGA,0.5020697811945595,0.3341218214074512,0.04447447387721733,Medium
103,0.0398721707772483,0.0183525093855022,0.50250256964554,CD124..IL.4Ra..CCGTCCTGATAGATG,5.205795387344766,0.8905972797161443,0.22798705010196027,Medium
55,0.0406301730433788,0.0366178404993762,0.2191142447357484,CD209..DC.SIGN..TCACTGGACACTTAA,0.44056771141336487,0.30337078651685395,0.04055062403778339,Medium
96,0.0406896923419486,0.0331361119695507,0.2222906038627984,CD366..Tim.3..TGTCCTACCCAACTT,0.5410999408633944,0.33589591957421644,0.04729274773295753,Medium
34,0.0435351664221011,0.0734281159965012,0.125780884956465,CD16.AAGTTCACTCTTTGC,0.17149615612063868,0.14429331756357186,0.016073245146997896,Medium
180,0.0436295078806355,0.0397949638876178,0.2192275342636506,CD15..SSEA.1..TCACCAGTACCTAGT,0.47604967474866944,0.3116499112950917,0.04157181040839564,Medium
28,0.0440287329430817,0.0413315479455032,0.3045779995768237,CD80.ACGAATCAATCTGTG,0.989946777054997,0.5298639858072147,0.08068437823059191,Medium
60,0.0451283822823959,0.0526039098929076,0.4605645870580711,TIGIT..VSTM3..TTGCTTACCGCCAGA,3.6581904198698996,0.8450620934358368,0.18751187805408998,Medium
199,0.0453602627930355,0.0628985402518358,0.2209459396766395,Lambda.Isotype.Ctrl.GGGAGCGATTCAACT,0.5913660555884093,0.371377882909521,0.05050753748797884,Medium
123,0.0454300591513828,0.0379119905007005,0.2988292410952615,TCR.a_b.CGTAACGTAGAGCGA,0.9390892962743939,0.48314606741573035,0.07943270952694934,Medium
125,0.0455555746314662,0.071467185726668,0.1801140155774968,CD185..CXCR5..AATTCAACCGTCGCC,0.3199290360733294,0.23299822590183322,0.029460955231039233,Medium
88,0.0455836795187818,0.0485359051536544,0.1040755530281709,CD62L.GTCCCTGCAACTTGA,0.09994086339444117,0.0898876404494382,0.009590972033144034,Medium
143,0.0456385073760383,0.0525392305313034,0.3599681571837187,CD24.AGATTCCTTCGTGTT,1.7705499704316972,0.664695446481372,0.13214761313615825,Medium
11,0.0457756596146129,0.0590424552422752,0.1891255147917365,CD268..BAFF.R..CGAAGTCGATCCGTA,0.38497930218805443,0.27971614429331754,0.033852805321920476,Medium
70,0.0463872741721142,0.0640674229761734,0.3090907936575292,HLA.A2.GAACATTTCCGACAA,1.237137788290952,0.5807214665878179,0.09315053100496917,Medium
148,0.0470012277602443,0.0515767852272186,0.3880795569943182,CD96..TACTILE..TGGCCTATAAATGGT,1.9674748669426374,0.6741573033707865,0.13871061243797758,Medium
107,0.0485286652393446,0.0525084403779086,0.4369918840824882,TCR.Vb13.1.TTATGGACGTATGGT,2.929036073329391,0.807806031933767,0.17115876126074356,Medium
181,0.0491088491236203,0.0397734142326273,0.1048751393988246,CD31.ACCTTTATGCCACGG,0.13719692489651095,0.10112359550561797,0.01872481145463915,Medium
251,0.0496960433634058,0.0445924499695777,0.4322911937025598,CD307c_FcRL3.GCCTAGTTTGAACGC,2.719692489651094,0.7764636309875813,0.17020276331689235,Medium
201,0.0512076798966739,0.0603968225187689,0.2237747103382321,k.Isotype.Ctrl.TCCAGGCTAGTCATT,0.5215848610289769,0.3282081608515671,0.04885510678162515,Medium
278,0.0520406691029243,0.0546739626278941,0.2528113022091417,TNF.a.CCTATGAACGTAACG,0.657599053814311,0.4157303370786517,0.05680352737969493,Medium
45,0.0528165257158062,0.0468646355417044,0.3908408944541523,CD328..Siglec.7..CTTAGCATTTCACTG,1.9532820816085157,0.6694263749260793,0.13938976483471088,Medium
258,0.0537159842604977,0.0559500960591735,0.4895041655820879,VEGFR.3..FLT.4..TGATCCGAAGTCGTG,5.075103489059728,0.898876404494382,0.21288171833090327,Medium
42,0.054536723046418,0.0601150037818957,0.1940985129517534,CD40.CTCAGATGGAGTATG,0.3536369012418687,0.2566528681253696,0.033677472251553604,Medium
72,0.0566753064780159,0.0649501888692698,0.5353401239240508,CD134..OX40..AACCCACCGTTGTTA,5.6262566528681255,0.8870490833826138,0.263750311758244,Medium
19,0.0577998613360259,0.0899363558190725,0.5278380143391038,CD269..BCMA..CAGATGATCCACCAT,7.6564163217031345,0.9556475458308693,0.24320687157733364,Medium
129,0.0578543912934341,0.0707933991495504,0.1683149778729288,HLA.DR.AATAGCGAGCAAGTA,0.332347723240686,0.24600827912477824,0.03348637043860723,Medium
102,0.0580799087677595,0.0399899682307593,0.3971424766414197,CD197..CCR7..AGTTCAGTCAACCGA,2.5008870490833828,0.7374334713187463,0.16690648321634222,Medium
66,0.0582858317701296,0.0550044536651577,0.3578089651639257,TCR.Vv9.AAGTGATGGTATCTG,1.5440567711413364,0.6481371969248965,0.115537032330425,Medium
271,0.0583227292419182,0.0796268669751413,0.2406867470787774,in.A1.CCCACTGGAGCAATT,0.6694263749260793,0.38143110585452394,0.05990114842188954,Medium
83,0.0591657576090469,0.0691562367726213,0.1104677503952073,CD47.GCATTCTGTCACCTA,0.11472501478415138,0.10053222945002957,0.01275029976056122,Medium
169,0.0595902533172675,0.0695781980487791,0.0728476691700449,CD2.TACGATTTGTCAGGG,0.027202838557066823,0.026020106445890007,0.0031061757031613266,Medium
78,0.0598453696912004,0.0559943128674751,0.485549234930952,CD144..VE.Cadherin..TCCACTCATTCTGTA,4.522767593140154,0.8480189237137788,0.23857970468864653,Medium
54,0.0601731435090394,0.0587808046304545,0.4186546116130683,CD326..Ep.CAM..TTCCGAGCAAGTATC,2.784742755765819,0.797752808988764,0.16718147433166095,Medium
202,0.0601872139313052,0.0805797623536979,0.4172033158672627,Hamster.IgG.Isotype.Ctrl.CCTGTCATTAAGACT,2.77705499704317,0.6989946777054997,0.18022018288944044,Medium
163,0.0605070688407914,0.0669521377790575,0.2060864429172536,CD22.GGGTTGTTGTCTTTG,0.3991720875221762,0.29154346540508574,0.039013096581793916,Medium
252,0.0606125599818556,0.0708830625399554,0.411000954319802,CD199..CCR9..ATTCCTCATTCCTGA,3.091070372560615,0.8001182732111177,0.186411787051121,Medium
62,0.0616544422773711,0.0776557521898972,0.4135674504582786,FceRIa.CTCGTTTCCGTATCG,2.8533412182140747,0.7924305144884684,0.17033474907862917,Medium
214,0.0620049012399963,0.0587877285831604,0.3348998160227127,CD301..CLEC10A..ACCTAGAAATCAGCA,1.1975162625665288,0.5748078060319338,0.0977485682836937,Medium
228,0.0634345000176456,0.0829524529741489,0.2417815727686344,CD93.GCGCTACTTCCTTGA,0.6859846244825547,0.4157303370786517,0.05877784023783391,Medium
5,0.063502716420041,0.0655285225947599,0.185274483806703,CD335..NKp46..ACAATTTGAACAGCG,0.39976345357776466,0.2708456534594914,0.03660721493642992,Medium
176,0.0638293295824556,0.0862317451344759,0.1999556874984317,CD3.CTCATTGTAACTCCT,0.5446481371969248,0.31105854523950327,0.06596510520631879,Medium
130,0.0640905598816837,0.0625779628738235,0.392382367242432,CD198..CCR8..AGCCCGGATGTATTT,2.1578947368421053,0.7149615612063868,0.14499108067797623,Medium
15,0.0645244611651996,0.0578338540978707,0.3689498051949199,CD184..CXCR4..TCAGGTCCTTTCAAC,1.7492607924305146,0.6623299822590183,0.12453553190063953,Medium
154,0.0647986867311057,0.0665057454553847,0.2638094173609403,CD337..NKp30..AAAGTCACTCTGCCG,0.794795978710822,0.4411590774689533,0.06838436063977274,Medium
64,0.0648529426886603,0.0678512984115702,0.3178530146455233,CD82.TCCCACTTCCGCTTT,1.4050857480780603,0.576581904198699,0.11582785758417459,Medium
250,0.0649579695860407,0.0730263309382605,0.4082125329061815,CD142.CACTGCCGTCGATTA,2.5600236546422237,0.7433471318746304,0.17800609964612346,Medium
33,0.0651453531873475,0.0614444503496483,0.3288154912452119,HLA.E.GAGTCGAGAAATCAT,1.371377882909521,0.6020106445890006,0.10542193631777919,Medium
197,0.0660352491581149,0.0414658285920991,0.3754248382426559,Notch.3.CTATTGGACGTATCT,2.3364872856298047,0.7338852749852158,0.15495827604685966,Medium
215,0.0660949873828291,0.0843250875647125,0.4434164491767611,CD207..Langerin..CATTCTTCACGGGAT,3.5452395032525135,0.8249556475458308,0.19155604696127246,Medium
65,0.0672637659032574,0.074240587721498,0.4736406901134113,TCR.v_Delta.CTTCCGATTCATTCA,3.5789473684210527,0.8066232998225902,0.20669529273896828,Medium
68,0.0678560945299238,0.0873633180696035,0.30871929994686,CD26.GGTGGCTAGATAATG,0.9538734476641041,0.511531638083974,0.09029400769785388,Medium
248,0.0682888085827817,0.0850540768848313,0.3290266056380828,GP130.CACGAGAATTTCAGT,1.3069189828503844,0.5919574216439977,0.1003897765434439,Medium
90,0.0684556872244176,0.073468205575236,0.4426933788048285,CD94.CTTTCCGGTCCTACA,2.8013010053222946,0.7545830869308102,0.18011686990767084,Medium
38,0.0700108478007902,0.0783735033637034,0.3166341903874989,CD307e..FcRL5..TCACGCAGTCCTCAA,1.287403903015967,0.5807214665878179,0.09999850915887483,Medium
255,0.0702373909892013,0.0635983088259069,0.265651915194684,CD151..PETA.3..CTTACCTAGTCATTC,1.0632761679479599,0.5026611472501479,0.09351275239305813,Medium
23,0.0705485109634113,0.0902098909719634,0.4883528923506626,CD257..BAFF_BLYS..CAGAGCACCCATTAA,4.682436428149024,0.8752217622708457,0.22532640545068028,Medium
133,0.0713414691464408,0.1166203070389896,0.4601748766524622,human_mouse.Mac.2..Galectin.3..GATGCAATTAGCCGG,22.312832643406267,0.9994086339444116,0.27253512586720313,Medium
273,0.0716762383663291,0.0822135280993679,0.7099293801017796,CD74.CTGTAGCATTTCCCT,23.9591957421644,0.9887640449438202,0.4020037571544668,Medium
188,0.072380746625671,0.0806157596678131,0.4084269025865997,CD140a..PDGFRa..ATGCGCCGAGAATTA,2.2868125369603787,0.7368421052631579,0.15131387396528445,Medium
161,0.0739917623667158,0.0943986318912645,0.3871895798365053,CD133.GTAAGACGCCTATGC,2.018923713778829,0.6895328208160851,0.1388445544396009,Medium
212,0.0743031164789321,0.0823994389900164,1.134492485138677,CD55.GCTCATTACCCATTA,51.627439384979304,0.9828503843879361,1.3816117108511414,Medium
89,0.0743200430334258,0.0730264601627795,0.4367354158882606,CD95..Fas..CCAGCTCATTAGAGC,3.151981076286221,0.804849201655825,0.18471556814316922,Medium
242,0.0749874345507958,0.0571147051394842,0.2106526340870754,CD226..DNAM.1..AGACCAACTCATTCA,0.5292726197516262,0.3335304553518628,0.04645653320467804,Medium
231,0.075235800561149,0.0713899831375451,0.2767806945890822,C5L2.ACAATTTGTCTGCGA,0.9674748669426375,0.524541691306919,0.07851418869988812,Medium
259,0.0758671799140053,0.0652213958110402,0.1166887046323526,CLEC1B..CLEC2..TGCCAGTATCACGTA,0.14311058545239502,0.1218214074512123,0.014100780678233373,Medium
112,0.0765409200565691,0.0792767900266042,0.29829059152977,CD10.CAGCCATTCATTAGG,1.2785334121821408,0.5748078060319338,0.1066971686084399,Medium
142,0.0770355097099888,0.0642129550212743,0.3206533840281427,B7.H4.TGTATGTCTGCCTTG,1.3406268480189236,0.5919574216439977,0.10219134664493035,Medium
191,0.0773247325800294,0.0876772403124232,0.5546244175622826,CD340..erbB2_HER.2..CTGTAGCCGCCTATT,13.573625073920757,0.9526907155529273,0.5453779057623794,Medium
74,0.0781449365043544,0.0927474705061599,0.0828488983947794,CD48.CTACGACGTAGAAGA,0.046126552335895916,0.04376108811354228,0.004869690761935633,Medium
174,0.0797256568791307,0.0897266033991242,0.1655870066923619,CD112..Nectin.2..AACCTTCCGTCTAAG,0.3146067415730337,0.24186871673565938,0.030008903097423628,Medium
110,0.0797530647621879,0.0876250335916449,0.4674530350604262,CD83.CCACTCATTTCCGGT,3.5890005913660556,0.8172678888231816,0.19908811496179227,Medium
58,0.0803332757637114,0.0946363961689847,0.3184237425495126,CD39.TTACCTGGTATCCGT,1.4417504435245416,0.6108811354228267,0.13360930535404164,Medium
149,0.0812126607280608,0.0951464110475015,0.1254692590754248,CD305..LAIR1..ATTTCCATTCCCTGT,0.23477232406859846,0.1862803075103489,0.02142212601592475,Medium
21,0.0813140339717373,0.0858830010575253,0.3272900828133648,CD314..NKG2D..CGTGTTTGTTCCTCA,1.2430514488468363,0.553518628030751,0.09914499196022085,Medium
52,0.0815196460189282,0.1018002773643616,0.3993307547815632,CD309..VEGFR2..TTCACGCAGTAAGAT,2.1785925487876994,0.7060910703725606,0.14807305325983097,Medium
40,0.0833667142555577,0.0190402510514946,0.0688992560950312,CD36.TTCTTTGCCTTGCCA,0.12123004139562389,0.0833826138379657,0.017253581738180944,High
182,0.0837685464259382,0.0805931719045641,0.3779292000599215,CD276..B7.H3..GACTGGGAGGGTATT,2.1188645771732704,0.719692489651094,0.13871581572881814,High
240,0.084189604106365,0.0735247763503415,0.4624693282721244,CD253..Trail..GCCATTCCTGCCTAA,4.030159668835009,0.8562980484920165,0.19886587267402792,High
126,0.0847543167216429,0.0815216955597778,0.3024837271422016,CD195..CCR5..CCAAAGTAAGAGCCA,1.3205204021289179,0.5777646363098758,0.10725101590363957,High
150,0.0849981176778573,0.0958298432303753,0.4384394570820049,CD178..Fas.L..CCGGTCCTCTGTATT,2.6481371969248966,0.7232406859846244,0.1786659989995276,High
226,0.086198071249345,0.0780418662005949,0.4260287836934902,X.Prion..CAGGTCCCTTATTTC,3.4529863985807214,0.8184506209343584,0.20133276331270591,High
237,0.0867762363739318,0.0850825580657807,0.4238821847080452,CD202b..Tie2_Tek..CGATCCCTTACCTAT,2.593731519810763,0.735659373151981,0.16923439159726728,High
274,0.0876120262136923,0.0993089154824231,0.3111198189279255,CD317..BST2_.Tetherin..AAGAGCCGTTGTGAA,1.3731519810762862,0.6150206978119456,0.10561864252742546,High
9,0.0876285268767159,0.0755095535738793,0.4756167275513646,CD357..GITR..ACCTTTCGACACTCG,3.3997634535777648,0.7965700768775872,0.20801136957385197,High
198,0.0879017059651897,0.0673060929867628,0.2797703124127246,k.isotype.Ctrl.ATCAGATGCCCTCAT,0.9662921348314607,0.47604967474866944,0.07970767543288203,High
63,0.0883538880905918,0.0703278464977951,0.1704714282219997,CD62P..P.Selectin..CCTTCCGTATCCCTT,0.30455351862803076,0.2318154937906564,0.028804630516110416,High
30,0.0884236961203512,0.0650802463804934,0.2819340386895939,b2.microglobulin.CAGCCCGATTAAGGT,0.8805440567711413,0.4482554701360142,0.10713975939897677,High
136,0.0886603559600067,0.1021052017042523,0.245529864761278,CD98.GCACCAACAGCCATT,1.2306327616794797,0.46954464813719693,0.13168752703051032,High
243,0.0887907273812299,0.0894222020348299,0.4211009619021288,CD205..DEC.205..CTATCGTTTGATGCA,2.5251330573625075,0.7368421052631579,0.16677079590120533,High
269,0.0888012815958172,0.093644302148779,0.3334380206094419,CD131.CTGCATGAGACCAAA,1.3891188645771733,0.5836782968657599,0.10703066366755441,High
219,0.0896759878992853,0.1009787421261378,0.2795834135503616,CD85g..ILT7..TGTCAGTTCCTATGA,0.997043169722058,0.4979302188054406,0.08186840320943581,High
94,0.0898640161452761,0.1080951183824051,0.4320379940756204,CD23.TCTGTATAACCGTCT,2.924896510940272,0.7616794795978711,0.18519622582749856,High
46,0.0899816085605806,0.0916104222005806,0.3626737168727648,CD324..E.Cadherin..ATCCTTCTCCCTTTC,2.4429331756357184,0.6895328208160851,0.20022039005693576,High
245,0.0909241893421623,0.0578050725825152,0.5401863529895595,CD271..NGFR..AACCGCGCTTCAGAT,7.808988764044944,0.9396806623299823,0.353273991696214,High
93,0.0911103016793968,0.085299289729459,0.3447881800525916,CD35.ACTTCCGTCGATCTT,1.2684801892371378,0.4991129509166174,0.12250407694673601,High
44,0.0919908879251255,0.0936056493579355,0.3892843171006583,CD66b.AGCTGTAAGTTTCGG,1.5937315198107629,0.6363098758131284,0.12414170390684288,High
224,0.0922351901519691,0.1129700222029096,0.3592460214559794,TIM.4.CGTCATATAGTATGG,1.671791839148433,0.6380839739798936,0.1223357746953138,High
238,0.0930759397189114,0.0800797029228043,0.4614043911579771,CD203c..E.NPP3..TAACCGTACCTGCAT,3.709639266706091,0.8350088704908338,0.20369338927213765,High
75,0.0933064938552565,0.0984755345172342,0.3766421023972138,CD294..CRTH2..TGTTTACGAGAGCCC,1.9657007687758723,0.6771141336487285,0.14192896190226967,High
178,0.0942463992974745,0.0883682436512113,0.2835229451394316,CD158f..KIR2DL5..AAAGTGATGCCACTG,1.05204021289178,0.524541691306919,0.0848728672940127,High
77,0.0945802877406511,0.1169597040842977,0.2555576915367992,CD21.AACCTAGTAGTTCGG,0.735659373151981,0.42046126552335894,0.06143336771317252,High
175,0.0948285178434827,0.0823087001681589,0.4074175848008777,CD45RO.CTCCGAATCATGTTG,2.714961561206387,0.7764636309875813,0.16823551497817837,High
24,0.0952303780304123,0.0898012752569234,0.4594980247240693,CD303..BDCA.2..GAGATGTCCGAATTT,3.2205795387344764,0.7823772915434654,0.19415401389146225,High
257,0.0954424058117326,0.1102509528197518,0.2665399693088988,CD352..NTB.A..AGTTTCCACTCAGGC,0.7374334713187463,0.38143110585452394,0.06779640376689461,High
76,0.0960493613123346,0.0599322367126217,0.3656586299474988,CD152..CTLA.4..ATGGTTCACGTAATC,1.9556475458308693,0.7031342400946186,0.12847309176980443,High
260,0.0972656420466388,0.0973503930339892,0.3906545666335975,IgE.GGATGTACCGCGTAT,2.047309284447073,0.6907155529272619,0.14006969153580814,High
84,0.098306352938327,0.1095204366109269,0.2887230021073255,CD28.TGAGAACGACCCTAA,1.0739207569485512,0.4997043169722058,0.09022172801606627,High
222,0.0993119805360008,0.0985019927902258,0.4907533827267187,MERTK.TCCTGCATGTACCCA,4.565345949142519,0.8072146658781786,0.2946186830210938,High
139,0.1002564121178648,0.0595953772542479,0.7896589760331505,IgM.TAGCGAGCCCGTATA,7.359550561797753,0.8101714961561206,0.5537422226143534,High
16,0.1006205305022258,0.0864116930107727,0.4979289955916604,CD206..MMR..TCAGAACGTCTAACT,3.2826729745712595,0.735659373151981,0.3164189294170988,High
217,0.1026299831214267,0.0746530763466361,0.6190839171973211,CD284..TLR4..GCTTAGCTGTATCCG,10.986989946777054,0.960969840331165,0.31049165190010763,High
266,0.1027860380586027,0.0946654563754407,0.4139172784985531,MICA_MICB.CCCGCAGTATAACGA,2.4630396215257244,0.7551744529863986,0.15425322193265634,High
277,0.1045538859754292,0.0963556916606645,0.2988184084048129,CD37.ACAGTCACTGGGCAA,1.1224127735068008,0.5481963335304554,0.08743417007909964,High
256,0.1046447966228771,0.0907175365140925,0.4311422479278646,CD218a..IL.18Ra..TTGTTGTATCCGATC,3.62448255470136,0.8497930218805441,0.18812184068668872,High
53,0.1058308389499969,0.1311242321183314,0.4476247211246988,CD370..CLEC9A_DNGR1..CTGCATTTCAGTAAG,2.937906564163217,0.804849201655825,0.1800975135499333,High
241,0.1060832452050636,0.0937828987297803,0.242409019457618,CD186..CXCR6..GACAGTCGATGCAAC,0.719692489651094,0.42578356002365464,0.06349312476044053,High
1,0.1060949065471313,0.0942861753148705,0.2379339702193361,CD1d.TCGAGTCGCTTATCA,0.6162034299231224,0.3778829095209935,0.05532387303316493,High
261,0.1063154895783966,0.1017676208683391,0.3619547135628188,CD365..Tim.1..CTTCTGGGATTCTGG,1.872856298048492,0.6723832052040213,0.1351829629667655,High
270,0.1077890851188773,0.1028303892090974,0.5054513802957146,Lymphotoxin.b.Receptor..LT.bR..CCTCTATTCAGAGCA,5.923713778829095,0.9183914843287996,0.24277219683109177,High
239,0.1093061927472468,0.1098684663351017,0.4809952833517021,CD110.TGTTGTAAGATGCCA,4.279716144293317,0.8681253696037847,0.2031430119237211,High
61,0.1095078770811953,0.1328948932211743,0.2477802689972448,CD73..Ecto.5..nucleotidase..CAGTTCCTCAGTTCG,0.7486694263749261,0.4506209343583678,0.06422062830869625,High
20,0.1108244288527487,0.0910094615320937,0.2083325976725343,CD267..TACI..AGTGATGGAGCGAAC,0.4955647545830869,0.3335304553518628,0.04432822096210452,High
244,0.1119829127337593,0.1113888414986038,0.4894719374320972,CCR10.ATCTGTATGTCACAG,7.9804849201655825,0.9651094027202839,0.2201278178240559,High
87,0.1119932827223737,0.0944027766983049,0.5093008569030126,CD138..Syndecan.1..GTATAGACCAAAGCC,14.273211117681845,0.994086339444116,0.23118271002525492,High
118,0.1129315840239167,0.114689194626488,0.3556572974676985,CD38.TGTACCCGCTTGTGA,1.5351862803075103,0.6150206978119456,0.1170269144956642,High
51,0.1152574219687944,0.1226045073507889,0.4233959946639458,CD204.TAGCGAGCCAGATGT,2.592548787699586,0.7551744529863986,0.16814837513880765,High
49,0.1154746593837458,0.0942837478783378,0.6346550386670955,CD169..Sialoadhesin_Siglec.1..TACTCAGCGTGTTTG,7.483737433471319,0.9030159668835009,0.46687161949808104,High
216,0.1160006740922155,0.1177977190402231,0.602541399825279,CD63.GAGATGTCTGCAACT,8.183323477232406,0.9491425192193969,0.3033384791807962,High
117,0.1167011639473208,0.1065865643736933,0.7492125291586921,CD235ab.GCTCCTTTACACGTA,5.2140745121230045,0.6818450620934359,0.4795527077042914,High
223,0.1187039857219572,0.1130443180125914,0.3303183307671976,Folate.Receptor.b..FR.b..TGTGGCTAGTCAGTT,1.4630396215257244,0.6014192785334121,0.11567425839716453,High
100,0.1199340297692089,0.1293880600583133,0.5379126062476457,CD183..CXCR3..GCGATGGTAGATTAT,8.238320520402128,0.9450029568302779,0.317608961737864,High
272,0.1202051281303262,0.1079426574022802,0.3017172227722001,CD179a..VpreB..TAGATGGGATTCCGG,1.287403903015967,0.5866351271437019,0.09613998530670123,High
280,0.1221403471026059,0.1076538902269623,0.3380560350992854,CD321.GACAGTACCGACACT,3.0035481963335307,0.7007687758722649,0.2828804795079877,High
195,0.1226846141345468,0.1269578926415696,0.1737509876085027,CD42b.TCCTAGTACCGAAGT,0.3199290360733294,0.2306327616794796,0.03084404852256747,High
249,0.1238869998004955,0.1087280459310171,0.4605641050163047,CD164.GAGGCACTTAACATA,9.082199881726789,0.9591957421643997,0.37733197222909065,High
31,0.1251944095768719,0.1320159655095214,0.5791580288884576,CD99.ACCCGTCCCTAAGAA,7.358959195742164,0.9603784742755765,0.2734651334630969,High
156,0.1270237909616482,0.1026181685662332,0.1318864429785927,CD33.TAACTCAGGGCCTAT,0.2489651094027203,0.18864577173270256,0.030147836028819725,High
172,0.128244589650682,0.1151412859533324,0.3669262097443468,CD58..LFA.3..GTTCCTATGGACGAC,1.8273211117681845,0.6587817859254879,0.13319951224414156,High
57,0.1308427334972221,0.1239583654998737,0.2448217932853628,CD127..IL.7Ra..GTGTGTTGTCCTATG,0.5830869308101715,0.3684210526315789,0.05272561340151784,High
155,0.1319902236134917,0.1127776594256957,0.4023589291912427,CD336..NKp44..GGGCAATTAGCGAGT,1.8444707273802483,0.6144293317563572,0.14644477541342416,High
230,0.1325649112636901,0.1552245407045767,0.3035353620300831,CD338..ABCG2..TAAGACTTGGCCGTC,0.97397989355411,0.49024246008279126,0.08277133329816495,High
91,0.1334480470640532,0.1415026109537079,0.4709064008843566,CD158b..KIR2DL2_L3_..NKAT2..GACCCGTAGTTTGAT,3.4677705499704317,0.8060319337670018,0.20151187109114527,High
13,0.1344903040772329,0.1528324557498125,0.4711575163535189,CD223..LAG.3..CATTTGTCTGCCGGT,3.296865759905381,0.7912477823772915,0.19600562292700896,High
229,0.1356440837048109,0.1170635082273526,0.5826907214991944,CD200..OX2..CACGTAGACCTTTGC,11.1377882909521,0.9597871082199881,0.32704495175445664,High
108,0.13654086855602,0.1560562733581811,0.5927672856508772,CD107a..LAMP.1..CAGCCCACTGCAATA,42.411590774689536,0.9994086339444116,0.5828406406724631,High
265,0.136918281901126,0.1346362494132013,0.574732627878548,CD158d..KIR2DL4..TTAGCCCGTAGACCA,6.456534594914252,0.898876404494382,0.2905198961988928,High
232,0.1375027301200341,0.1287187446304217,0.5328637110730644,CD235a..Glycophorin.A..AGAGTATGTATGGGA,3.50561797752809,0.7675931401537551,0.25506329820073254,High
35,0.1376714403696902,0.1346509797391225,0.4923848973119809,CD307d..FcRL4..CGATTTGATCTGCCT,4.781194559432288,0.872856298048492,0.22981753418765907,High
162,0.1386960768838925,0.1352319552569245,0.4343579302142353,KLRG1..MAFA..CTTATTTCCTGCCCT,2.746895328208161,0.7261975162625666,0.1860297289381955,High
140,0.1398134704746965,0.1248138757131976,0.4370698968575746,CD254..TRANCE_.RANKL..TCCGTGTTAGTTTGT,3.1679479597871083,0.7888823181549379,0.19025409922610279,High
167,0.1435433932854701,0.1430286363755565,0.3265273506684022,CD106.TCACAGTTCCTTGGA,1.5588409225310467,0.6339444115907746,0.11617023372255422,High
81,0.1461313979743563,0.1569102185271662,0.2163819121063212,human_mouse.CD278..ICOS..CGCGCACCCATTAAA,0.6274393849793022,0.38379657007687756,0.054591665953701934,High
59,0.1467430264640589,0.1208975284239412,0.3882478297192399,CD150..SLAM..GTCATTGTATGTCTG,2.0112359550561796,0.6883500887049083,0.13959685268445657,High
137,0.147020588854847,0.1479205075079132,0.9643346332965228,Ig.light.chain.k.AGCTCAGCCAGTATG,148.17681845062094,1.0,0.7670105453323948,High
220,0.1472329754265029,0.1588471009452064,0.4786785208899032,CD243..ABCB1..TGACCCGACCTTTAG,7.359550561797753,0.9591957421643997,0.2192532039159901,High
138,0.1494660902116059,0.1493902535700401,0.9182693557409624,Ig.light.chain.Lambda.CAGCCAGTAAGTCAC,247.91129509166174,1.0,0.6353126202633416,High
164,0.1543337814888843,0.1425747997002202,0.2982220581296916,CD11c.TACGCCTATAACTTG,1.0745121230041395,0.5529272619751626,0.09411853667704066,High
4,0.1572651136584907,0.1672751753951912,0.555370908992406,CD34.GCAGAAATCTCCCTT,6.269662921348314,0.9314015375517445,0.3002552974158395,High
213,0.1580364603771682,0.1541031132816005,0.317165091572797,CD115..CSF.1R..AATCACGGTCCTTGT,1.133057362507392,0.5582495564754583,0.0917924489420573,High
6,0.165395236521043,0.179305541855017,0.3916092256061153,CD193..CCR3..ACCAATCCTTTCGTC,2.7693672383205206,0.7847427557658191,0.16492556237136638,High
282,0.1724095656340802,0.1734335234014648,0.6817211277417208,unmapped,116.21703134240094,1.0,0.32233597690817156,High
132,0.1770573895428239,0.1788633393011048,0.9122308978178396,IgG.Fc.CTGGAGCGATTAGAA,92.32584269662921,1.0,0.698791609876718,High
276,0.1830548787238549,0.1987140693912163,0.2996270056835025,CD116.ATGGACAGTTCGTGT,1.3211117681845062,0.5819041986989947,0.10500824865761511,High
99,0.2023482882030423,0.1625321074990977,0.5202789711980891,CD32.GCTTCCGAATTACCG,4.58367829686576,0.8639858072146659,0.3124560615898713,High
135,0.2050376622956175,0.2235967574125133,0.4903405348877709,CD141..Thrombomodulin..GGATAACCGCGCTTT,4.923122412773507,0.8787699586043761,0.24391546175368112,High
7,0.2054540146773544,0.1919731221601531,0.6992572797884907,CD90..Thy1..GCATTGTACGATTCA,23.09343583678297,0.9923122412773506,0.5545943626138866,High
41,0.2184436373428527,0.2359569092078295,0.5869661795765305,CD81..TAPA.1..GTATCCTTCCTTGGC,12.79952690715553,0.9787108219988173,0.3314178027785997,High
234,0.2408837831082263,0.1856759263725403,0.6240998548715615,CD9.GAGTCACCAATCTGC,13.433471318746305,0.9603784742755765,0.5862039904881718,High
281,0.244700236569918,0.1871817741663906,0.7486940872722099,HLA.DR_.DP_.DQ.AGCTACGAGCAGTAG,12.489059727971615,0.9231224127735068,0.8318802341110495,High
106,,,0.0098256263574489,human_mouse.CD49f.TTCCGAGGATGATCT,0.0005913660555884093,0.0005913660555884093,1.5619358951444554e-05,
